URLCount,cdf,Category
1,86.79245283018868,SourceForge
2,96.22641509433963,SourceForge
3,98.74213836477988,SourceForge
5,99.37106918238993,SourceForge
31,100.0,SourceForge
1,64.11042944785275,GitHub
2,81.59509202453987,GitHub
3,90.49079754601227,GitHub
4,92.33128834355828,GitHub
5,96.0122699386503,GitHub
6,98.46625766871165,GitHub
7,98.77300613496932,GitHub
8,99.38650306748465,GitHub
21,99.99999999999999,GitHub
1,66.66666666666666,GitLab
2,100.0,GitLab
1,100.0,Bitbucket
